Book Id,Title,Author,Author l-f,Additional Authors,ISBN,ISBN13,My Rating,Average Rating,Publisher,Binding,Number of Pages,Year Published,Original Publication Year,Date Read,Date Added,Bookshelves,Bookshelves with positions,Exclusive Shelf,My Review,Spoiler,Private Notes,Read Count,Recommended For,Recommended By,Owned Copies,Original Purchase Date,Original Purchase Location,Condition,Condition Description,BCID
18749286,How to Get Rich: One of the World's Greatest Entrepreneurs Shares His Secrets,Felix Dennis,"Dennis, Felix",,"=""""","=""""",0,4.20,Portfolio,Kindle Edition,321,2008,2008,2021/05/15,2021/03/31,rejected,rejected (#4),read,,,,1,,,0,,,,,
34376766,"Blood, Sweat, and Pixels: The Triumphant, Turbulent Stories Behind How Video Games Are Made",Jason Schreier,"Schreier, Jason",,"=""""","=""""",0,4.23,Harper Paperbacks,Kindle Edition,304,2017,2017,,2020/06/19,currently-reading,currently-reading (#8),currently-reading,,,,1,,,0,,,,,
13530973,Antifragile: Things That Gain from Disorder,Nassim Nicholas Taleb,"Taleb, Nassim Nicholas",,"=""1400067820""","=""9781400067824""",5,4.08,Random House,Hardcover,426,2012,2012,2021/05/13,2018/11/22,,,read,,,,1,,,0,,,,,
45697427,Dark Matter,Blake Crouch,"Crouch, Blake",,"=""""","=""""",0,4.10,Ballantine Books,Kindle Edition,343,2016,2016,2021/05/12,2021/05/08,,,read,,,,1,,,0,,,,,
42041926,The Scout Mindset: Why Some People See Things Clearly and Others Don't,Julia Galef,"Galef, Julia",,"=""0735217556""","=""9780735217553""",0,4.33,Portfolio,Hardcover,288,2021,2021,,2021/05/02,to-read,to-read (#71),to-read,,,,0,,,0,,,,,
53530067,Very Important People: Status and Beauty in the Global Party Circuit,Ashley Mears,"Mears, Ashley",,"=""""","=""""",0,3.71,,Kindle Edition,,2020,,2021/05/02,2021/04/17,,,read,,,,1,,,0,,,,,
55987594,Jugalbandi: The BJP Before Modi,Vinay Sitapati,"Sitapati, Vinay",,"=""0670091073""","=""9780670091072""",0,4.34,Penguin Viking,Hardcover,424,2020,2020,,2021/05/02,to-read,to-read (#70),to-read,,,,0,,,0,,,,,
56097267,Race Brokers: Housing Markets and Segregation in 21st Century Urban America,Elizabeth Korver-Glenn,"Korver-Glenn, Elizabeth",,"=""0190063874""","=""9780190063870""",0,5.00,"Oxford University Press, USA",Paperback,240,2021,,,2021/04/21,to-read,to-read (#69),to-read,,,,0,,,0,,,,,
50245824,A Very Punchable Face,Colin Jost,"Jost, Colin",,"=""""","=""""",0,4.23,Crown,Kindle Edition,336,2020,2020,2021/04/18,2021/03/18,,,read,,,,1,,,0,,,,,
55297149,"Working Backwards: Insights, Stories, and Secrets from Inside Amazon",Colin Bryar,"Bryar, Colin",Bill Carr,"=""""","=""""",0,4.34,St. Martin's Press,Kindle Edition,304,2021,2021,2021/04/13,2021/03/01,,,read,,,,1,,,0,,,,,
15992204,The Righteous Mind: Why Good People are Divided by Politics and Religion,Jonathan Haidt,"Haidt, Jonathan",,"=""""","=""""",0,4.19,Pantheon,Kindle Edition,530,2012,2012,2021/03/28,2019/06/01,,,read,,,,1,,,0,,,,,
20186,Seeing Like a State: How Certain Schemes to Improve the Human Condition Have Failed,James C. Scott,"Scott, James C.",,"=""0300078153""","=""9780300078152""",0,4.21,Yale University Press,Paperback,445,1998,1998,,2021/03/28,to-read,to-read (#68),to-read,,,,0,,,0,,,,,
34331079,Little Fires Everywhere,Celeste Ng,"Ng, Celeste",,"=""""","=""""",5,4.09,Penguin Press,Kindle Edition,348,2017,2017,2021/03/20,2021/03/11,,,read,,,,1,,,0,,,,,
6705206,The Mind-Body Problem: And Other Poems,Katha Pollitt,"Pollitt, Katha",,"=""""","=""""",0,3.62,,Kindle Edition,97,,2009,,2021/03/01,"currently-reading, rejected","currently-reading (#7), rejected (#3)",currently-reading,,,,1,,,0,,,,,
54372519,Liftoff: Elon Musk and the Desperate Early Days That Launched SpaceX,Eric  Berger,"Berger, Eric",,"=""""","=""""",0,4.58,William Morrow,Kindle Edition,228,2021,2021,,2021/03/18,to-read,to-read (#67),to-read,,,,0,,,0,,,,,
28789711,SPQR: A History of Ancient Rome,Mary Beard,"Beard, Mary",,"=""1631492225""","=""9781631492228""",0,4.00,Liveright,Paperback,608,2016,2015,,2021/03/18,to-read,to-read (#66),to-read,,,,0,,,0,,,,,
15852325,How Will You Measure Your Life?,Clayton M. Christensen,"Christensen, Clayton M.",,"=""""","=""""",5,4.07,HarperBusiness,Kindle Edition,239,2012,2012,2021/03/14,2021/03/12,,,read,,,,1,,,0,,,,,
49007883,How to Avoid a Climate Disaster: The Solutions We Have and the Breakthroughs We Need,Bill  Gates,"Gates, Bill",,"=""""","=""""",0,4.24,Doubleday,Kindle Edition,288,2021,2021,2021/03/14,2021/03/01,,,read,,,,1,,,0,,,,,
34673040,University of Berkshire Hathaway: 30 Years of Lessons Learned from Warren Buffett & Charlie Munger at the Annual Shareholders Meeting,Daniel  Pecaut,"Pecaut, Daniel",Corey Wrenn,"=""""","=""""",0,4.17,Pecaut and Company,Kindle Edition,338,2017,2017,2021/03/01,2018/11/22,,,read,,,,1,,,0,,,,,
53604182,One Billion Americans: The Case for Thinking Bigger,Matthew Yglesias,"Yglesias, Matthew",,"=""""","=""""",4,3.88,,Kindle Edition,267,2020,,2021/03/01,2021/02/09,,,read,,,,1,,,0,,,,,
35381944,The Rise and Fall of American Growth: The U.S. Standard of Living since the Civil War (The Princeton Economic History of the Western World),Robert J. Gordon,"Gordon, Robert J.",,"=""""","=""""",0,4.19,Princeton University Press,Kindle Edition,785,2017,2016,,2021/02/28,currently-reading,currently-reading (#6),currently-reading,,,,1,,,0,,,,,
30119715,Summary of The Rise and Fall of American Growth: by Robert J. Gordon | Includes Analysis,Instaread Summaries,"Summaries, Instaread",,"=""""","=""""",0,4.40,Instaread,Kindle Edition,,2016,,,2021/02/27,currently-reading,currently-reading (#5),currently-reading,,,,1,,,0,,,,,
38466356,The Art of Gathering: How We Meet and Why It Matters,Priya Parker,"Parker, Priya",,"=""""","=""""",0,3.99,Riverhead Books,Kindle Edition,320,2018,2018,,2021/02/03,currently-reading,currently-reading (#4),currently-reading,,,,1,,,0,,,,,
8135219,The New New Thing: A Silicon Valley Story,Michael   Lewis,"Lewis, Michael",,"=""""","=""""",2,3.76,,Kindle Edition,273,,1999,2021/01/04,2021/01/02,,,read,,,,1,,,0,,,,,
26200918,Anything You Want: 40 Lessons for a New Kind of Entrepreneur,Derek Sivers,"Sivers, Derek",,"=""""","=""""",3,4.09,Portfolio,Kindle Edition,88,2015,2011,2021/01/18,2021/01/16,,,read,,,,1,,,0,,,,,
36166010,Self-Reliance and Other Essays,Ralph Waldo Emerson,"Emerson, Ralph Waldo",,"=""""","=""""",0,4.14,AmazonClassics,Kindle Edition,194,2017,1844,,2021/01/24,currently-reading,currently-reading (#3),currently-reading,,,,1,,,0,,,,,
41962724,Infinite Powers: How Calculus Reveals the Secrets of the Universe,Steven H. Strogatz,"Strogatz, Steven H.",,"=""""","=""""",0,4.28,Houghton Mifflin Harcourt,Kindle Edition,384,2019,2019,2021/01/19,2021/01/18,,,read,,,,1,,,0,,,,,
19251433,Hard Landing: The Epic Contest for Power and Profits That Plunged the Airlines into Chaos,Thomas Petzinger Jr.,"Jr., Thomas Petzinger",,"=""""","=""""",0,4.40,Three Rivers Press,Kindle Edition,624,2010,1995,,2021/01/19,currently-reading,currently-reading (#2),currently-reading,,,,1,,,0,,,,,
25465101,A Wealth of Common Sense: Why Simplicity Trumps Complexity in Any Investment Plan (Bloomberg),Ben Carlson,"Carlson, Ben",,"=""""","=""""",0,3.99,Bloomberg Press,Kindle Edition,225,2015,2015,2021/01/01,2021/01/01,,,read,,,,1,,,0,,,,,
34909073,"Everybody Lies: Big Data, New Data, and What the Internet Can Tell Us About Who We Really Are",Seth Stephens-Davidowitz,"Stephens-Davidowitz, Seth",,"=""""","=""""",4,3.91,Dey Street Books,Kindle Edition,357,2017,2017,2021/01/16,2019/06/15,,,read,,,,1,,,0,,,,,
44245196,The Great Mental Models: General Thinking Concepts,Shane Parrish,"Parrish, Shane",Rhiannon Beaubien,"=""""","=""""",0,4.08,Latticework Publishing Inc.,Kindle Edition,216,2019,2018,2021/01/04,2019/04/15,,,read,,,,1,,,0,,,,,
36146011,"Tools of Titans: The Tactics, Routines, and Habits of Billionaires, Icons, and World-Class Performers",Timothy Ferriss,"Ferriss, Timothy",,"=""""","=""""",0,4.07,Houghton Mifflin Harcourt,Kindle Edition,707,2016,2016,2021/01/02,2020/12/25,,,read,,,,1,,,0,,,,,
49614062,How to Decide: Simple Tools for Making Better Choices,Annie Duke,"Duke, Annie",,"=""0593084608""","=""9780593084601""",0,4.04,Portfolio,Paperback,240,2020,2020,2020/12/26,2020/05/08,,,read,,,,2,,,0,,,,,
18626849,Stories of Your Life and Others,Ted Chiang,"Chiang, Ted",,"=""""","=""""",5,4.22,Vintage,Kindle Edition,285,2010,2002,2020/11/25,2020/11/22,,,read,,,,1,,,0,,,,,
26844576,Seven Brief Lessons on Physics,Carlo Rovelli,"Rovelli, Carlo",,"=""""","=""""",0,3.96,Riverhead Books,Kindle Edition,88,2016,2014,2020/12/24,2020/11/23,,,read,,,,1,,,0,,,,,
22736001,"Superintelligence: Paths, Dangers, Strategies",Nick Bostrom,"Bostrom, Nick",,"=""""","=""""",0,3.87,OUP Oxford,Kindle Edition,352,2014,2014,2020/12/24,2020/10/10,rejected,rejected (#2),read,,,,1,,,0,,,,,
40017519,The Rational Optimist (P.S.),Matt Ridley,"Ridley, Matt",,"=""""","=""""",0,3.97,HarperCollins,Kindle Edition,483,2010,2010,2020/12/24,2020/04/19,,,read,,,,1,,,0,,,,,
42764751,Trillion Dollar Coach: The Leadership Playbook of Silicon Valley's Bill Campbell,Eric Schmidt,"Schmidt, Eric","Jonathan Rosenberg, Alan Eagle","=""""","=""""",0,4.01,HarperBusiness,Kindle Edition,240,2019,2019,2020/12/24,2020/12/19,,,read,,,,1,,,0,,,,,
745452,Crabgrass Frontier: The Suburbanization of the United States,Kenneth T. Jackson,"Jackson, Kenneth T.",,"=""0195049837""","=""9780195049831""",0,3.98,"Oxford University Press, USA",Paperback,432,1987,1985,,2020/12/24,currently-reading,currently-reading (#1),currently-reading,,,,1,,,0,,,,,
174713,The Lessons of History,Will Durant,"Durant, Will",Ariel Durant,"=""1567310249""","=""9781567310245""",0,4.12,"Fine Communications,US",Hardcover,119,1997,1968,2019/10/17,2019/08/11,,,read,,,,1,,,0,,,,,
52117393,That Will Never Work: The Birth of Netflix and the Amazing Life of an Idea,Marc Randolph,"Randolph, Marc",,"=""""","=""""",0,4.25,"Little, Brown and Company",Kindle Edition,337,2019,2019,2020/12/20,2020/12/11,,,read,,,,1,,,0,,,,,
55711828,A Little Life,Hanya Yanagihara,"Yanagihara, Hanya",,"=""""","=""""",0,4.31,Anchor,Kindle Edition,737,2015,2015,2020/12/20,2020/12/20,,,read,,,,1,,,0,,,,,
53599704,Summary & Study Guide of Poor Charlie's Almanack: The Wit and Wisdom of Charles T. Munger by Peter D. Kaufman,Martina,"Martina, Martina",,"=""""","=""""",0,3.83,,Kindle Edition,,2020,,2020/12/15,2020/12/15,,,read,,,,1,,,0,,,,,
19325887,The Freemasons: A History of the World's Most Powerful Secret Society,Jasper Ridley,"Ridley, Jasper",,"=""1628721170""","=""9781628721171""",0,3.22,Arcade,ebook,368,2011,2002,2020/12/07,2020/12/04,,,read,,,,1,,,0,,,,,
10968874,Six Easy Pieces: Essentials of Physics By Its Most Brilliant Teacher,Richard P. Feynman,"Feynman, Richard P.","Robert B. Leighton, Matthew L. Sands","=""""","=""""",0,4.21,Basic Books,Kindle Edition,180,2011,1962,2020/11/29,2020/11/29,,,read,,,,1,,,0,,,,,
54298022,Invent and Wander: The Collected Writings of Jeff Bezos,Jeff Bezos,"Bezos, Jeff",Walter Isaacson,"=""""","=""""",0,3.97,,Kindle Edition,,2020,2020,2020/11/29,2020/11/26,,,read,,,,1,,,0,,,,,
43982768,The New Class War: Saving Democracy from the Managerial Elite,Michael Lind,"Lind, Michael",,"=""0593083695""","=""9780593083697""",0,3.74,Portfolio,Hardcover,224,2020,2017,,2020/11/27,to-read,to-read (#65),to-read,,,,0,,,0,,,,,
19765931,Breath: Poems,Philip Levine,"Levine, Philip",,"=""""","=""""",0,3.98,Knopf,Kindle Edition,98,2011,2004,2020/11/24,2020/11/24,,,read,,,,1,,,0,,,,,
55713987,"Foundation (Foundation, #1)",Isaac Asimov,"Asimov, Isaac",,"=""""","=""""",0,4.17,Spectra,Kindle Edition,255,2004,1951,2020/11/24,2020/11/22,,,read,,,,1,,,0,,,,,
54898389,The Almanack of Naval Ravikant: A Guide to Wealth and Happiness,Eric Jorgenson,"Jorgenson, Eric",,"=""""","=""9781544514208""",0,4.61,Magrathea Publishing,ebook,244,2020,2020,2020/11/22,2020/11/19,,,read,,,,1,,,0,,,,,
189989,Finite and Infinite Games: A Vision of Life as Play and Possibility,James P. Carse,"Carse, James P.",,"=""0345341848""","=""9780345341846""",0,3.87,Ballantine Books,Mass Market Paperback,192,1987,1986,,2020/11/19,to-read,to-read (#64),to-read,,,,0,,,0,,,,,
21902733,Expert Political Judgement,Philip E. Tetlock,"Tetlock, Philip E.",,"=""""","=""""",0,4.02,,,,,2005,,2020/04/19,to-read,to-read (#52),to-read,,,,0,,,0,,,,,
18245960,"The Three-Body Problem (Remembrance of Earth’s Past, #1)",Liu Cixin,"Cixin, Liu",Ken Liu,"=""""","=""""",0,4.06,Tor Books,Kindle Edition,400,2014,2006,2020/11/15,2020/11/14,,,read,,,,1,,,0,,,,,
24352369,"The Upside of Stress: Why Stress Is Good for You, and How to Get Good at It",Kelly McGonigal,"McGonigal, Kelly",,"=""""","=""""",0,4.04,Avery,Kindle Edition,301,2015,2012,2020/11/14,2020/05/07,,,read,,,,1,,,0,,,,,
34155210,"Pretend I'm Not Here: How I Worked with Three Newspaper Icons, One Powerful First Lady, and Still Managed to Dig Myself Out of the Washington Swamp",Barbara Feinman Todd,"Todd, Barbara Feinman",,"=""""","=""""",0,3.75,William Morrow,Kindle Edition,325,2017,2017,2020/11/14,2020/11/11,,,read,,,,1,,,0,,,,,
54388921,The Everything Store: Jeff Bezos and the Age of Amazon,Brad Stone,"Stone, Brad",,"=""""","=""""",0,4.12,"Little, Brown and Company",Kindle Edition,386,,2013,2020/11/08,2020/10/27,,,read,,,,1,,,0,,,,,
49099937,No Rules Rules: Netflix and the Culture of Reinvention,Reed Hastings,"Hastings, Reed",Erin Meyer,"=""0593152387""","=""9780593152386""",0,4.34,Random House Large Print Publishing,Paperback,464,2020,2020,2020/10/31,2020/04/04,,,read,,,,1,,,0,,,,,
19823829,Waking Up: A Guide to Spirituality Without Religion,Sam Harris,"Harris, Sam",,"=""""","=""""",0,3.90,Simon & Schuster,Kindle Edition,257,2014,2014,2020/10/26,2020/09/08,,,read,,,,1,,,0,,,,,
10814,Here Is New York,E.B. White,"White, E.B.","Roger Angell, Barbara Cohen, Judith Stonehill","=""1892145022""","=""9781892145024""",0,4.30,Little Bookroom,Hardcover,58,2000,1948,2020/10/24,2020/10/24,,,read,,,,1,,,0,,,,,
50824710,"Lights Out: Pride, Delusion, and the Fall of General Electric",Thomas Gryta,"Gryta, Thomas",Ted Mann,"=""""","=""""",0,3.99,Houghton Mifflin Harcourt,Kindle Edition,368,2020,,2020/10/11,2020/10/11,,,read,,,,1,,,0,,,,,
6064179,In Defense of Food: An Eater's Manifesto,Michael Pollan,"Pollan, Michael",,"=""""","=""""",0,4.06,Penguin Books,Kindle Edition,268,2008,2008,2020/09/27,2020/09/27,,,read,,,,1,,,0,,,,,
18652475,"The Rent Is Too Damn High: What To Do About It, And Why It Matters More Than You Think",Matthew Yglesias,"Yglesias, Matthew",,"=""""","=""""",0,4.04,Simon & Schuster,Kindle Edition,64,2012,2012,2020/09/27,2020/09/23,,,read,,,,1,,,0,,,,,
36556202,The Coddling of the American Mind: How Good Intentions and Bad Ideas Are Setting Up a Generation for Failure,Jonathan Haidt,"Haidt, Jonathan",Greg Lukianoff,"=""""","=""""",0,4.26,Penguin Books,Kindle Edition,352,2018,2018,2020/09/22,2019/04/14,,,read,,,,1,,,0,,,,,
44083621,Invisible Women: Data Bias in a World Designed for Men,Caroline Criado Pérez,"Pérez, Caroline Criado",,"=""""","=""""",0,4.40,Abrams Press,Kindle Edition,432,2019,2019,2020/09/22,2020/04/17,,,read,,,,1,,,0,,,,,
9803995,"Surely You're Joking, Mr. Feynman!  Adventures of a Curious Character",Richard P. Feynman,"Feynman, Richard P.","Ralph Leighton, Edward Hutchings, Albert R. Hibbs","=""""","=""""",4,4.26,W. W. Norton & Company,Kindle Edition,356,2008,1985,2020/09/22,2020/09/11,,,read,,,,1,,,0,,,,,
11297044,Steve Jobs,Walter Isaacson,"Isaacson, Walter",,"=""""","=""""",0,4.14,Simon & Schuster Digital Sales,Kindle Edition,656,2011,2011,,2020/09/22,to-read,to-read (#63),to-read,,,,0,,,0,,,,,
6667514,The Checklist Manifesto: How to Get Things Right,Atul Gawande,"Gawande, Atul",,"=""0805091742""","=""9780805091748""",0,4.03,Metropolitan Books,Hardcover,208,2009,2009,,2020/09/19,to-read,to-read (#62),to-read,,,,0,,,0,,,,,
6586497,Garlic and Sapphires: The Secret Life of a Critic in Disguise,Ruth Reichl,"Reichl, Ruth",,"=""""","=""""",4,3.93,,Kindle Edition,364,,2005,2020/09/13,2020/09/12,,,read,,,,1,,,0,,,,,
51181015,"The Psychology of Money: Timeless lessons on wealth, greed, and happiness",Morgan Housel,"Housel, Morgan",,"=""""","=""""",5,4.39,Harriman House,Kindle Edition,300,2020,2020,2020/09/11,2020/09/08,,,read,,,,1,,,0,,,,,
116170,The Works: Anatomy of a City,Kate Ascher,"Ascher, Kate",,"=""1594200718""","=""9781594200717""",0,4.10,"Penguin Press HC, The",Hardcover,240,2005,2005,,2020/09/08,to-read,to-read (#61),to-read,,,,0,,,0,,,,,
216363,The Man in the High Castle,Philip K. Dick,"Dick, Philip K.",,"=""0679740678""","=""9780679740674""",0,3.61,Vintage,Paperback,259,1992,1962,,2020/09/08,to-read,to-read (#60),to-read,,,,0,,,0,,,,,
31416132,The Complacent Class: The Self-Defeating Quest for the American Dream,Tyler Cowen,"Cowen, Tyler",,"=""""","=""""",0,3.64,St. Martin's Press,Kindle Edition,256,2017,2017,2020/09/05,2020/08/05,,,read,,,,1,,,0,,,,,
50050204,Bezonomics: How Amazon Is Changing Our Lives and What the World's Best Companies Are Learning from It,Brian Dumaine,"Dumaine, Brian",,"=""""","=""""",3,3.80,Scribner,Kindle Edition,336,2020,,2020/09/05,2020/08/26,,,read,,,,1,,,0,,,,,
41941223,Recursion,Blake Crouch,"Crouch, Blake",,"=""""","=""""",4,4.14,Crown,Kindle Edition,324,2019,2019,2020/08/26,2020/08/24,,,read,,,,1,,,0,,,,,
35300756,Why Are All The Black Kids Sitting Together in the Cafeteria?,Beverly Daniel Tatum,"Tatum, Beverly Daniel",,"=""""","=""""",0,4.29,Basic Books,Kindle Edition,304,2017,1997,2020/08/04,2019/05/25,,,read,,,,1,,,0,,,,,
8209000,The Score Takes Care of Itself,Bill Walsh,"Walsh, Bill",,"=""""","=""""",3,4.25,,Kindle Edition,300,,2009,2020/08/01,2019/09/10,,,read,,,,1,,,0,,,,,
153708,A Mathematician Plays The Stock Market,John Allen Paulos,"Paulos, John Allen",,"=""0465054811""","=""9780465054817""",0,3.49,Basic Books,Paperback,224,2004,2003,2020/08/01,2020/08/01,,,read,,,,2,,,0,,,,,
12651,The Social Contract,Jean-Jacques Rousseau,"Rousseau, Jean-Jacques",Maurice Cranston,"=""0143037498""","=""9780143037491""",0,3.78,Penguin,Paperback,168,2006,1762,,2020/07/28,,,read,,,,1,,,0,,,,,
385228,On Liberty,John Stuart Mill,"Mill, John Stuart",,"=""""","=""""",0,3.97,Penguin Classics,Paperback,187,1985,1859,,2020/07/28,,,read,,,,1,,,0,,,,,
30659,Meditations,Marcus Aurelius,"Aurelius, Marcus","Martin Hammond, Albert Wittstock, عادل مصطفى, Simone Mooij-Valk, Diskin Clay","=""0140449337""","=""9780140449334""",0,4.22,Penguin Books,Paperback,303,2006,180,,2019/03/09,,,read,,,,1,,,0,,,,,
34536488,Principles: Life and Work,Ray Dalio,"Dalio, Ray",Jeremy Bobb,"=""1508243247""","=""9781508243243""",2,4.10,Simon  Schuster Audio,Audio CD,592,2017,2011,2018/12/04,2018/11/22,,,read,,,,1,,,0,,,,,
900892,A Random Walk Down Wall Street,Burton G. Malkiel,"Malkiel, Burton G.",,"=""0393325350""","=""9780393325355""",5,4.13,W. W. Norton  Company,Paperback,464,2004,1973,,2018/11/22,,,read,,,,1,,,0,,,,,
40121378,Atomic Habits: An Easy & Proven Way to Build Good Habits & Break Bad Ones,James Clear,"Clear, James",,"=""""","=""""",4,4.36,Avery,Kindle Edition,319,2018,2018,2020/07/23,2020/01/09,,,read,,,,1,,,0,,,,,
52194898,No Filter: The Inside Story of Instagram,Sarah Frier,"Frier, Sarah",,"=""""","=""""",2,4.12,Simon & Schuster,Kindle Edition,352,2020,2020,2020/07/14,2020/04/04,,,read,,,,1,,,0,,,,,
52027218,Always Day One: How the Tech Titans Plan to Stay on Top Forever,Alex Kantrowitz,"Kantrowitz, Alex",,"=""0593083482""","=""9780593083482""",2,3.88,Portfolio,Hardcover,272,2020,,2020/07/06,2020/07/05,,,read,,,,1,,,0,,,,,
45310145,The Ride of a Lifetime: Lessons Learned from 15 Years as CEO of the Walt Disney Company,Robert Iger,"Iger, Robert",,"=""""","=""""",4,4.40,Random House,Kindle Edition,272,2019,2019,2020/07/03,2020/07/02,,,read,,,,1,,,0,,,,,
10586318,"Triumph of the City: How Our Greatest Invention Makes Us Richer, Smarter, Greener, Healthier, and Happier",Edward L. Glaeser,"Glaeser, Edward L.",,"=""""","=""""",4,3.92,Penquin Publishing,Kindle Edition,352,2011,2011,2020/07/02,2020/06/19,,,read,,,,1,,,0,,,,,
42771901,How to Do Nothing: Resisting the Attention Economy,Jenny Odell,"Odell, Jenny",,"=""1612197493""","=""9781612197494""",0,3.79,Melville House,Hardcover,225,2019,2019,2020/06/17,2019/03/26,,,read,,,,1,,,0,,,,,
49640653,Golden Gates: Fighting for Housing in America,Conor Dougherty,"Dougherty, Conor",,"=""""","=""""",4,4.07,Penguin Press,Kindle Edition,288,2020,2020,2020/06/17,2020/05/31,,,read,,,,1,,,0,,,,,
586472,The Right Stuff,Tom Wolfe,"Wolfe, Tom",,"=""0553381350""","=""9780553381351""",0,4.21,Bantam,Paperback,352,2001,1979,,2020/06/15,rejected,rejected (#1),read,,,,0,,,0,,,,,
27140043,High Output Management,Andrew S. Grove,"Grove, Andrew S.",,"=""""","=""""",0,4.32,Vintage,Kindle Edition,235,2015,1983,,2020/01/21,to-read,to-read (#59),to-read,,,,0,,,0,,,,,
30318974,Leading,Alex Ferguson,"Ferguson, Alex",Michael Moritz,"=""""","=""""",0,4.12,Books4Success,Kindle Edition,384,2016,2015,,2020/03/15,to-read,to-read (#58),to-read,,,,0,,,0,,,,,
38472012,Breaking Smart: Season One: How Software is Eating the World,Venkatesh G. Rao,"Rao, Venkatesh G.",Grace Witherell,"=""""","=""""",0,4.28,Ribbonfarm.com,Kindle Edition,152,2018,2015,,2020/06/15,to-read,to-read (#57),to-read,,,,0,,,0,,,,,
25837084,The Left Hand of Darkness,Ursula K. Le Guin,"Guin, Ursula K. Le",,"=""""","=""""",5,4.08,Ace,Kindle Edition,320,2000,1969,2020/06/13,2018/12/27,,,read,,,,1,,,0,,,,,
26073079,"The Cultural Revolution: A People's History, 1962-1976",Frank Dikötter,"Dikötter, Frank",,"=""1632864215""","=""9781632864215""",0,3.99,Bloomsbury Press,Hardcover,396,2016,2016,,2020/06/09,to-read,to-read (#56),to-read,,,,0,,,0,,,,,
49930783,Why We're Polarized,Ezra Klein,"Klein, Ezra",,"=""1797107658""","=""9781797107653""",0,4.27,Simon  Schuster Audio,Audio CD,,2020,2020,,2020/06/08,to-read,to-read (#55),to-read,,,,0,,,0,,,,,
32191706,The Color of Law: A Forgotten History of How Our Government Segregated America,Richard Rothstein,"Rothstein, Richard",,"=""1631492853""","=""9781631492853""",0,4.46,Liveright,Hardcover,368,2017,2017,,2020/06/08,to-read,to-read (#54),to-read,,,,0,,,0,,,,,
40230101,The Mamba Mentality: How I Play,Kobe Bryant,"Bryant, Kobe","Phil Jackson, Andrew D. Bernstein, Pau Gasol","=""0374201234""","=""9780374201234""",3,4.26,Farrar Straus Giroux,Hardcover,208,2020,,2020/05/25,2020/05/25,,,read,,,,1,,,0,,,,,
13367530,Toxic Charity: How Churches and Charities Hurt Those They Help (And How to Reverse It),Robert D. Lupton,"Lupton, Robert D.",,"=""""","=""""",3,3.96,,Paperback,213,,2011,2020/05/22,2020/05/08,,,read,,,,1,,,0,,,,,
26849614,Living with a SEAL: 31 Days Training with the Toughest Man on the Planet,Jesse Itzler,"Itzler, Jesse",,"=""""","=""""",0,4.28,Center Street,Kindle Edition,262,2015,2015,2020/05/22,2020/04/19,,,read,,,,1,,,0,,,,,
51112101,"Catch and Kill: Lies, Spies, and a Conspiracy to Protect Predators",Ronan Farrow,"Farrow, Ronan",,"=""""","=""""",0,4.42,"Little, Brown and Company",Kindle Edition,465,2019,2019,2020/05/14,2020/05/09,,,read,,,,1,,,0,,,,,
50164163,Circe,Madeline Miller,"Miller, Madeline",,"=""""","=""""",5,4.26,"Little, Brown and Company",Kindle Edition,433,2018,2018,2020/05/09,2020/05/03,,,read,,,,1,,,0,,,,,
29431093,100 Tricks to Appear Smart in Meetings: How to Get By Without Even Trying,Sarah  Cooper,"Cooper, Sarah",,"=""1449476058""","=""9781449476052""",0,3.96,Andrews McMeel Publishing,Paperback,176,2016,2016,,2020/05/08,,,read,,,,1,,,0,,,,,
9995541,"Catch-22 (Catch-22, #1)",Joseph Heller,"Heller, Joseph",Christopher Buckley,"=""1451626657""","=""9781451626650""",0,3.98,Simon & Schuster,Paperback,524,2011,1961,2019/01/01,2020/05/08,,,read,,,,1,,,0,,,,,
128166,Are Men Necessary?: When Sexes Collide,Maureen Dowd,"Dowd, Maureen",,"=""042521236X""","=""9780425212363""",0,3.07,Berkley Books,Paperback,338,2006,2005,2019/01/01,2020/05/08,,,read,,,,1,,,0,,,,,
51291,How to Lie with Statistics,Darrell Huff,"Huff, Darrell",Irving Geis,"=""0393310728""","=""9780393310726""",0,3.87,W. W. Norton & Company,Paperback,142,1982,1954,2019/01/01,2020/05/08,,,read,,,,1,,,0,,,,,
40180027,Behemoth: A History of the Factory and the Making of the Modern World,Joshua B. Freeman,"Freeman, Joshua B.",,"=""0393356620""","=""9780393356625""",0,3.83,W. W. Norton  Company,Paperback,448,2019,2018,2019/01/01,2020/05/08,,,read,,,,1,,,0,,,,,
43130415,Trick Mirror,Jia Tolentino,"Tolentino, Jia",,"=""""","=""""",0,4.15,Random House,Kindle Edition,256,2019,2019,2019/01/01,2020/05/08,,,read,,,,1,,,0,,,,,
49654089,"Python Machine Learning: Machine Learning and Deep Learning with Python, scikit-learn, and TensorFlow 2, 3rd Edition",Sebastian Raschka,"Raschka, Sebastian",Vahid Mirjalili,"=""""","=""""",0,4.25,Packt Publishing,Kindle Edition,770,2019,2015,2019/01/01,2020/05/08,,,read,,,,1,,,0,,,,,
36681909,"Conspiracy: Peter Thiel, Hulk Hogan, Gawker, and the Anatomy of Intrigue",Ryan Holiday,"Holiday, Ryan",,"=""""","=""""",4,3.98,Portfolio,Kindle Edition,331,2018,2018,2020/05/03,2020/04/19,,,read,,,,1,,,0,,,,,
52661559,Build a Career in Data Science,Emily  Robinson,"Robinson, Emily",Jacqueline Nolis,"=""1617296244""","=""9781617296246""",0,4.53,MEAP,Hardcover,250,2020,,,2020/04/27,,,read,,,,1,,,0,,,,,
42373033,The Price We Pay: What Broke American Health Care--and How to Fix It,Marty Makary,"Makary, Marty",,"=""1635574110""","=""9781635574111""",4,4.51,Bloomsbury Publishing,Hardcover,288,2019,,2020/04/26,2020/01/01,,,read,,,,3,,,0,,,,,
8160301,Liar's Poker,Michael   Lewis,"Lewis, Michael",,"=""""","=""""",4,4.15,W. W. Norton & Company,Kindle Edition,313,2010,1989,2020/04/26,2018/11/22,,,read,,,,1,,,0,,,,,
23848190,Extreme Ownership: How U.S. Navy SEALs Lead and Win,Jocko Willink,"Willink, Jocko",Leif Babin,"=""1250067057""","=""9781250067050""",0,4.25,St. Martin's Press,Hardcover,320,2015,2015,,2020/04/19,to-read,to-read (#53),to-read,,,,0,,,0,,,,,
5617966,A Guide to the Good Life: The Ancient Art of Stoic Joy,William B. Irvine,"Irvine, William B.",,"=""0195374614""","=""9780195374612""",0,4.18,Oxford University Press,Hardcover,326,2008,2008,,2020/04/19,to-read,to-read (#51),to-read,,,,0,,,0,,,,,
49833241,Permanent Record,Edward Snowden,"Snowden, Edward",,"=""""","=""""",4,4.29,Metropolitan Books,Kindle Edition,328,2019,2019,2020/04/18,2020/04/05,,,read,,,,1,,,0,,,,,
45011536,Medallion Status: True Stories from Secret Rooms,John Hodgman,"Hodgman, John",,"=""""","=""""",0,4.16,Viking,Kindle Edition,304,2019,2019,2020/04/10,2020/01/27,,,read,,,,1,,,0,,,,,
700668,"Discover Your Inner Economist: Use Incentives to Fall in Love, Survive Your Next Meeting, and Motivate Your Dentist",Tyler Cowen,"Cowen, Tyler",,"=""0525950257""","=""9780525950257""",0,3.40,Dutton,Hardcover,256,2007,2007,2020/04/05,2019/03/13,,,read,,,,1,,,0,,,,,
46033782,More from Less: The Surprising Story of How We Learned to Prosper Using Fewer Resources—and What Happens Next,Andrew McAfee,"McAfee, Andrew",,"=""""","=""""",0,3.97,Scribner,Kindle Edition,351,2019,2019,2020/04/05,2020/01/26,,,read,,,,1,,,0,,,,,
25899336,When Breath Becomes Air,Paul Kalanithi,"Kalanithi, Paul",,"=""""","=""""",4,4.36,Random House,Paperback,208,2016,2016,2020/03/22,2020/03/21,,,read,,,,1,,,0,,,,,
33792742,12 Rules for Life: An Antidote to Chaos,Jordan B. Peterson,"Peterson, Jordan B.","Norman Doidge, Ethan Van Sciver","=""""","=""""",0,3.93,Random House Canada,Kindle Edition,432,2018,2018,2020/03/16,2020/03/15,,,read,,,,1,,,0,,,,,
43560266,Your Money or Your Life,Vicki Robin,"Robin, Vicki",,"=""""","=""""",2,4.03,Penguin Books,Kindle Edition,366,,1992,2020/03/08,2020/02/26,,,read,,,,1,,,0,,,,,
39701053,Autonomy: The Quest to Build the Driverless Car—And How It Will Reshape Our World: The Quest to Build the Driverless Car—And How It Will Reshape Our World,Lawrence D. Burns,"Burns, Lawrence D.",Christopher Shulgan,"=""""","=""""",4,4.17,Ecco,Kindle Edition,368,2018,2018,2020/03/08,2020/01/26,,,read,,,,1,,,0,,,,,
44698571,The Man Who Solved the Market: How Jim Simons Launched the Quant Revolution,Gregory Zuckerman,"Zuckerman, Gregory",,"=""""","=""""",3,4.07,Portfolio,Kindle Edition,384,2019,2019,2020/03/08,2020/02/10,,,read,,,,1,,,0,,,,,
22389701,This Changes Everything: Capitalism vs. The Climate,Naomi Klein,"Klein, Naomi",,"=""""","=""""",3,4.14,Simon & Schuster,Kindle Edition,467,2014,2014,2020/03/08,2020/02/11,,,read,,,,1,,,0,,,,,
44578892,Shortest Way Home: One Mayor's Challenge and a Model for America's Future,Pete Buttigieg,"Buttigieg, Pete",,"=""""","=""""",3,4.21,Liveright,Kindle Edition,347,2019,2019,2020/03/08,2020/02/26,,,read,,,,1,,,0,,,,,
52032133,Facebook: The Inside Story,Steven Levy,"Levy, Steven",,"=""0735213151""","=""9780735213159""",4,4.10,Blue Rider Press,Hardcover,592,2020,2020,2020/03/08,2020/03/08,,,read,,,,1,,,0,,,,,
22571552,So You've Been Publicly Shamed,Jon Ronson,"Ronson, Jon",,"=""1594487138""","=""9781594487132""",0,3.93,Riverhead Books,Hardcover,290,2015,2015,,2020/02/20,,,read,,,,1,,,0,,,,,
43672755,Speech Police: The Global Struggle to Govern the Internet,David Kaye,"Kaye, David",,"=""0999745484""","=""9780999745489""",5,4.09,Columbia Global Reports,Paperback,144,2019,,2020/01/03,2020/01/03,,,read,,,,1,,,0,,,,,
46136224,Uncanny Valley,Anna Wiener,"Wiener, Anna",,"=""""","=""""",3,3.69,MCD,Kindle Edition,279,2020,2020,2020/01/25,2020/01/22,,,read,,,,1,,,0,,,,,
42099289,The Moment of Lift: How Empowering Women Changes the World,Melinda French Gates,"Gates, Melinda French",,"=""""","=""""",4,4.31,Flatiron Books,Kindle Edition,288,2019,2019,2020/01/24,2020/01/21,,,read,,,,1,,,0,,,,,
100247,Vagabonding: An Uncommon Guide to the Art of Long-Term World Travel,Rolf Potts,"Potts, Rolf",,"=""0812992180""","=""9780812992182""",0,3.95,Villard Books,Paperback,205,2002,2002,,2020/01/22,to-read,to-read (#50),to-read,,,,0,,,0,,,,,
9641493,On Bullshit,Harry G. Frankfurt,"Frankfurt, Harry G.",,"=""""","=""""",0,3.58,Princeton University Press,Kindle Edition,81,2009,1986,2020/01/21,2020/01/03,,,read,,,,1,,,0,,,,,
36462004,Without Precedent: Chief Justice John Marshall and His Times,Joel Richard Paul,"Paul, Joel Richard",,"=""""","=""""",0,4.17,Riverhead Books,Kindle Edition,512,2018,2018,2020/01/21,2020/01/09,,,read,,,,1,,,0,,,,,
40538681,Midnight in Chernobyl: The Untold Story of the World's Greatest Nuclear Disaster,Adam Higginbotham,"Higginbotham, Adam",,"=""1501134612""","=""9781501134616""",0,4.38,Simon & Schuster,Hardcover,538,2019,2019,,2020/01/09,,,read,,,,1,,,0,,,,,
8161568,Kitchen Confidential: Adventures in the Culinary Underbelly,Anthony Bourdain,"Bourdain, Anthony",,"=""""","=""""",0,4.08,Bloomsbury USA,Kindle Edition,321,2008,2000,2020/01/03,2018/11/28,,,read,,,,1,,,0,,,,,
18736925,Capital in the Twenty-First Century,Thomas Piketty,"Piketty, Thomas",Arthur Goldhammer,"=""067443000X""","=""9780674430006""",0,4.04,Belknap Press,Hardcover,685,2014,2013,,2018/11/22,,,read,,,,1,,,0,,,,,
44548093,Secrets of Sand Hill Road: Venture Capital and How to Get It,Scott Kupor,"Kupor, Scott",Eric Ries,"=""""","=""""",0,4.21,Portfolio,Kindle Edition,320,2019,2019,2020/01/01,2019/12/25,,,read,,,,1,,,0,,,,,
34890015,Factfulness: Ten Reasons We're Wrong About the World – and Why Things Are Better Than You Think,Hans Rosling,"Rosling, Hans","Ola Rosling, Anna Rosling Rönnlund","=""1473637465""","=""9781473637467""",0,4.35,Sceptre,Hardcover,342,2018,2018,,2019/02/07,,,read,,,,1,,,0,,,,,
38746485,Becoming,Michelle Obama,"Obama, Michelle",,"=""""","=""""",0,4.52,Crown,Hardcover,426,2018,2018,,2019/12/19,,,read,,,,1,,,0,,,,,
28964412,"The Daily Show (The Audiobook): An Oral History as Told by Jon Stewart, the Correspondents, Staff and Guests",Chris Smith,"Smith, Chris","Jon   Stewart, Oliver Wyman, Jay Snyder, Kevin T. Collins, Chris Lutkin, Robert Fass, Lauren Fortgang","=""1478936568""","=""9781478936565""",0,4.14,Grand Central Publishing,Audiobook,16,2016,2016,2019/12/18,2019/03/13,,,read,,,,1,,,0,,,,,
28257707,The Subtle Art of Not Giving a F*ck: A Counterintuitive Approach to Living a Good Life,Mark Manson,"Manson, Mark",,"=""""","=""""",0,3.93,Harper,ebook,224,2016,2016,2019/12/18,2019/07/02,,,read,,,,1,,,0,,,,,
27161156,Hillbilly Elegy: A Memoir of a Family and Culture in Crisis,J.D. Vance,"Vance, J.D.",,"=""0062300547""","=""9780062300546""",0,3.91,Harper,Hardcover,264,2016,2016,2019/12/18,2019/01/11,,,read,,,,2,,,0,,,,,
26593431,The New Confessions of an Economic Hit Man,John Perkins,"Perkins, John",,"=""1626566747""","=""9781626566743""",0,3.94,Berrett-Koehler Publishers,Paperback,384,2016,2016,2019/12/18,2019/06/04,,,read,,,,1,,,0,,,,,
26030703,Disrupted: My Misadventure in the Start-Up Bubble,Dan Lyons,"Lyons, Dan",,"=""0316306088""","=""9780316306089""",0,3.93,Hachette Books,Hardcover,272,2016,2016,2019/12/18,2019/05/10,,,read,,,,1,,,0,,,,,
25852784,Evicted: Poverty and Profit in the American City,Matthew Desmond,"Desmond, Matthew",,"=""0553447432""","=""9780553447439""",0,4.46,Crown Publishers,Hardcover,418,2016,2016,2019/12/18,2019/12/06,,,read,,,,1,,,0,,,,,
35957157,Thinking in Bets: Making Smarter Decisions When You Don't Have All the Facts,Annie Duke,"Duke, Annie",,"=""0735216355""","=""9780735216358""",0,3.85,Portfolio Penguin,Hardcover,288,2018,2018,2019/12/18,2019/04/07,,,read,,,,1,,,0,,,,,
25489625,Between the World and Me,Ta-Nehisi Coates,"Coates, Ta-Nehisi",,"=""0812993543""","=""9780812993547""",0,4.38,Spiegel & Grau,Hardcover,152,2015,2015,2019/12/18,2019/03/09,,,read,,,,1,,,0,,,,,
25541028,"Elon Musk: Tesla, SpaceX, and the Quest for a Fantastic Future",Ashlee Vance,"Vance, Ashlee",,"=""0062301233""","=""9780062301239""",0,4.21,Ecco,Hardcover,392,2015,2015,2019/12/18,2019/04/16,,,read,,,,1,,,0,,,,,
21480734,Dataclysm: Who We Are (When We Think No One's Looking),Christian Rudder,"Rudder, Christian",,"=""0385347375""","=""9780385347372""",0,3.74,Crown,Hardcover,304,2014,2014,2019/12/18,2019/08/11,,,read,,,,1,,,0,,,,,
17899438,Young Money: Inside the Hidden World of Wall Street's Post-Crash Recruits,Kevin Roose,"Roose, Kevin",,"=""0446583251""","=""9780446583251""",0,3.67,Grand Central Publishing,Hardcover,336,2014,2014,2019/12/18,2019/07/29,,,read,,,,1,,,0,,,,,
16171221,The Sports Gene: Inside the Science of Extraordinary Athletic Performance,David   Epstein,"Epstein, David",,"=""1591845114""","=""9781591845119""",0,4.19,Current,Hardcover,338,2013,2013,2019/12/18,2019/07/02,,,read,,,,1,,,0,,,,,
40603783,The Defining Decade: Why Your Twenties Matter—And How to Make the Most of Them Now,Meg Jay,"Jay, Meg",,"=""""","=""""",0,4.11,Twelve,Kindle Edition,273,2012,2012,2019/12/18,2019/05/25,,,read,,,,1,,,0,,,,,
18869177,Lying,Sam Harris,"Harris, Sam",,"=""""","=""""",0,3.88,Four Elephants Press,Kindle Edition,47,2013,2011,2019/12/18,2019/04/08,,,read,,,,2,,,0,,,,,
38743564,"Billion Dollar Whale: The Man Who Fooled Wall Street, Hollywood, and the World",Tom         Wright,"Wright, Tom",Bradley Hope,"=""031643650X""","=""9780316436502""",0,4.06,Hachette Books,Hardcover,400,2018,2018,2019/12/18,2019/12/06,,,read,,,,1,,,0,,,,,
40591670,I Will Teach You to Be Rich: No Guilt. No Excuses. No BS. Just a 6-Week Program That Works,Ramit Sethi,"Sethi, Ramit",,"=""1523505745""","=""9781523505746""",0,4.11,Workman Publishing Company,Paperback,352,2019,2009,2019/12/18,2019/10/26,,,read,,,,1,,,0,,,,,
3525894,The Unlikely Disciple: A Sinner's Semester at America's Holiest University,Kevin Roose,"Roose, Kevin",,"=""044617842X""","=""9780446178426""",0,3.97,Grand Central Publishing (NY/Boston),Hardcover,324,2009,2009,2019/12/18,2019/05/18,,,read,,,,1,,,0,,,,,
40611510,The Last Lecture,Randy Pausch,"Pausch, Randy",,"=""""","=""""",0,4.24,Hachette Books,Kindle Edition,217,2008,2008,2019/12/18,2019/09/05,,,read,,,,1,,,0,,,,,
40364332,"Inheritance: A Memoir of Genealogy, Paternity, and Love",Dani Shapiro,"Shapiro, Dani",,"=""1524732710""","=""9781524732714""",0,3.89,Knopf Publishing Group,Hardcover,252,2019,2019,2019/12/18,2019/07/02,,,read,,,,1,,,0,,,,,
30833,The Death and Life of Great American Cities,Jane Jacobs,"Jacobs, Jane",,"=""0375508732""","=""9780375508738""",0,4.31,Random House,Hardcover,472,2002,1961,2019/12/18,2019/07/02,,,read,,,,1,,,0,,,,,
106139,The Man Who Knew Infinity: A Life of the Genius Ramanujan,Robert Kanigel,"Kanigel, Robert",,"=""0349104522""","=""9780349104522""",0,3.96,Abacus,Paperback,438,1992,1991,2019/12/18,2019/10/17,,,read,,,,1,,,0,,,,,
359090,Upstairs at the White House: My Life with the First Ladies,J.B. West,"West, J.B.",,"=""069810546X""","=""9780698105461""",0,4.07,Penguin Adult Hc/Tr,Paperback,381,1973,1973,2019/12/18,2019/04/24,,,read,,,,1,,,0,,,,,
184931,Drive: The Story of My Life,Larry Bird,"Bird, Larry","Bob Ryan, Earvin ""Magic"" Johnson","=""0553287583""","=""9780553287585""",0,4.07,Bantam,Paperback,290,1990,1989,2019/12/18,2019/07/27,,,read,,,,1,,,0,,,,,
100970,Bare: The Naked Truth About Stripping,Elisabeth Eaves,"Eaves, Elisabeth",,"=""1580051219""","=""9781580051217""",0,3.54,Seal Press,Paperback,344,2004,2002,2019/12/18,2019/05/14,,,read,,,,1,,,0,,,,,
57981,The End of History and the Last Man,Francis Fukuyama,"Fukuyama, Francis",,"=""0743284550""","=""9780743284554""",0,3.56,Free Press,Paperback,464,2006,1992,2019/12/18,2019/04/17,,,read,,,,2,,,0,,,,,
37564532,War on Peace: The End of Diplomacy and the Decline of American Influence,Ronan Farrow,"Farrow, Ronan",,"=""0393652106""","=""9780393652109""",0,4.18,"W. W. Norton & Company, Inc.",Hardcover,392,2018,2018,2019/12/06,2019/08/11,,,read,,,,1,,,0,,,,,
12609433,The Power of Habit: Why We Do What We Do in Life and Business,Charles Duhigg,"Duhigg, Charles",,"=""1400069289""","=""9781400069286""",0,4.11,Random House,Hardcover,375,2012,2012,,2019/10/26,to-read,to-read (#49),to-read,,,,0,,,0,,,,,
17331349,Think Like a Freak,Steven D. Levitt,"Levitt, Steven D.",Stephen J. Dubner,"=""0062218360""","=""9780062218360""",0,3.85,William Morrow,ebook,304,2014,2014,,2019/10/26,,,read,,,,1,,,0,,,,,
35133922,Educated,Tara Westover,"Westover, Tara",,"=""""","=""""",5,4.46,Random House,Hardcover,334,2018,2018,2019/04/02,2018/12/27,,,read,,,,1,,,0,,,,,
37976541,Bad Blood: Secrets and Lies in a Silicon Valley Startup,John Carreyrou,"Carreyrou, John",,"=""152473165X""","=""9781524731656""",5,4.39,Knopf Publishing Group,Hardcover,339,2018,2018,,2018/11/22,,,read,,,,1,,,0,,,,,
34928269,Capitalism Without Capital: The Rise of the Intangible Economy,Jonathan Haskel,"Haskel, Jonathan",Stian Westlake,"=""0691175039""","=""9780691175034""",0,3.81,Princeton University Press,Hardcover,288,2017,2017,2019/10/26,2019/10/02,,,read,,,,1,,,0,,,,,
35696171,"Enlightenment Now: The Case for Reason, Science, Humanism, and Progress",Steven Pinker,"Pinker, Steven",,"=""0525427570""","=""9780525427575""",0,4.22,Viking,Hardcover,576,2018,2018,2019/10/18,2018/11/22,,,read,,,,1,,,0,,,,,
36197082,Cryptoassets: The Innovative Investor's Guide to Bitcoin and Beyond,Chris Burniske,"Burniske, Chris",Jack Tatar,"=""""","=""""",0,3.97,McGraw-Hill Education,Kindle Edition,369,2017,2017,2019/10/17,2019/09/02,,,read,,,,1,,,0,,,,,
41793,Hackers & Painters: Big Ideas from the Computer Age,Paul    Graham,"Graham, Paul","Allen Noren, Matt Hutchinson","=""0596006624""","=""9780596006624""",0,4.06,O'Reilly Media,Hardcover,272,2004,2004,,2019/09/14,to-read,to-read (#48),to-read,,,,0,,,0,,,,,
44573628,Super Pumped: The Battle for Uber,Mike Isaac,"Isaac, Mike",,"=""0393652246""","=""9780393652246""",0,4.15,W. W. Norton  Company,Hardcover,387,2019,2019,,2019/09/13,,,read,,,,1,,,0,,,,,
55981,Consilience: The Unity of Knowledge,Edward O. Wilson,"Wilson, Edward O.",,"=""067976867X""","=""9780679768678""",0,3.99,Vintage,Paperback,368,1999,1998,,2019/09/13,to-read,to-read (#47),to-read,,,,0,,,0,,,,,
18693884,How Not to Be Wrong: The Power of Mathematical Thinking,Jordan Ellenberg,"Ellenberg, Jordan",,"=""1594205221""","=""9781594205224""",0,3.96,Penguin Press,Hardcover,480,2014,2014,2019/08/28,2019/05/25,,,read,,,,1,,,0,,,,,
40672036,Digital Minimalism: Choosing a Focused Life in a Noisy World,Cal Newport,"Newport, Cal",,"=""""","=""""",0,4.07,Portfolio,Kindle Edition,302,2019,2019,,2019/08/21,to-read,to-read (#46),to-read,,,,0,,,0,,,,,
4865,How to Win Friends and Influence People,Dale Carnegie,"Carnegie, Dale","ریحانه جعفری, پروین قائمی","=""""","=""""",0,4.21,Gallery Books,Paperback,288,1998,1936,,2019/08/21,,,read,,,,1,,,0,,,,,
6828896,"Delivering Happiness: A Path to Profits, Passion, and Purpose",Tony Hsieh,"Hsieh, Tony",,"=""0446563048""","=""9780446563048""",0,4.02,Grand Central Publishing,Hardcover,246,2010,2010,2019/08/21,2019/08/11,,,read,,,,1,,,0,,,,,
476241,"Supercapitalism: The Transformation of Business, Democracy, and Everyday Life",Robert B. Reich,"Reich, Robert B.",,"=""0307265617""","=""9780307265616""",0,3.99,Knopf,Hardcover,251,2007,2007,2019/08/20,2019/08/11,,,read,,,,1,,,0,,,,,
8501350,There Is Power in a Union: The Epic Story of Labor in America,Philip Dray,"Dray, Philip",,"=""0385526296""","=""9780385526296""",0,4.14,Doubleday,Hardcover,784,2010,2010,,2019/07/31,to-read,to-read (#45),to-read,,,,0,,,0,,,,,
1713426,Predictably Irrational: The Hidden Forces That Shape Our Decisions,Dan Ariely,"Ariely, Dan",,"=""""","=""""",0,4.12,HarperCollins Canada ,Hardcover,247,2008,2008,2019/07/30,2019/04/10,,,read,,,,1,,,0,,,,,
32622193,A Little History of Economics,Niall Kishtainy,"Kishtainy, Niall",,"=""0300206364""","=""9780300206364""",0,4.09,Yale University Press,Hardcover,256,2017,2017,2019/07/30,2019/05/14,,,read,,,,1,,,0,,,,,
2165,The Old Man and the Sea,Ernest Hemingway,"Hemingway, Ernest",,"=""0684830493""","=""9780684830490""",0,3.79,Scribner,Hardcover,96,1996,1952,,2019/07/27,,,read,,,,1,,,0,,,,,
3636,"The Giver (The Giver, #1)",Lois Lowry,"Lowry, Lois",,"=""0385732554""","=""9780385732550""",0,4.13,Ember,Paperback,208,2006,1993,,2019/07/27,,,read,,,,1,,,0,,,,,
19063,The Book Thief,Markus Zusak,"Zusak, Markus",,"=""0375831002""","=""9780375831003""",0,4.38,Alfred A. Knopf,Hardcover,552,2006,2005,,2019/07/27,,,read,,,,1,,,0,,,,,
13079982,Fahrenheit 451,Ray Bradbury,"Bradbury, Ray",,"=""""","=""""",0,3.99,Simon & Schuster,Kindle Edition,194,2011,1953,,2019/07/27,,,read,,,,1,,,0,,,,,
7624,Lord of the Flies,William Golding,"Golding, William",,"=""0140283331""","=""9780140283334""",0,3.69,Penguin Books ,Paperback,182,1999,1954,,2019/07/27,,,read,,,,1,,,0,,,,,
77203,The Kite Runner,Khaled Hosseini,"Hosseini, Khaled",Berliani M. Nugrahani,"=""""","=""""",0,4.31,Riverhead Books,Paperback,371,2004,2003,,2019/07/27,,,read,,,,1,,,0,,,,,
968,"The Da Vinci Code (Robert Langdon, #2)",Dan Brown,"Brown, Dan",,"=""""","=""""",0,3.87,Anchor,Paperback,489,2006,2003,,2019/07/27,,,read,,,,1,,,0,,,,,
5107,The Catcher in the Rye,J.D. Salinger,"Salinger, J.D.",,"=""0316769177""","=""9780316769174""",0,3.81,Back Bay Books,Paperback,277,2001,1951,,2019/07/27,,,read,,,,1,,,0,,,,,
170448,Animal Farm,George Orwell,"Orwell, George","Russell Baker, C.M. Woodhouse","=""0451526341""","=""9780451526342""",0,3.96,Signet Classics,Mass Market Paperback,141,1996,1945,,2019/07/27,,,read,,,,1,,,0,,,,,
4671,The Great Gatsby,F. Scott Fitzgerald,"Fitzgerald, F. Scott",Francis Scott Fitzgerald,"=""""","=""""",0,3.93,Scribner,Paperback,200,2004,1925,,2019/07/27,,,read,,,,1,,,0,,,,,
2657,To Kill a Mockingbird,Harper Lee,"Lee, Harper",,"=""""","=""""",0,4.28,Harper Perennial Modern Classics ,Paperback,324,2006,1960,,2019/07/27,,,read,,,,1,,,0,,,,,
40961427,1984,George Orwell,"Orwell, George",,"=""""","=""""",0,4.19,Houghton Mifflin Harcourt,Kindle Edition,237,2013,1949,,2019/07/27,,,read,,,,1,,,0,,,,,
11138,Mere Christianity,C.S. Lewis,"Lewis, C.S.",,"=""0684823780""","=""9780684823782""",0,4.32,Touchstone Books,Paperback,191,1996,1942,,2019/07/27,,,read,,,,1,,,0,,,,,
17383917,The Screwtape Letters,C.S. Lewis,"Lewis, C.S.",,"=""0062023179""","=""9780062023179""",0,4.23,HarperOne,Hardcover,223,2013,1942,,2019/07/27,,,read,,,,1,,,0,,,,,
11127,"The Chronicles of Narnia (Chronicles of Narnia, #1-7)",C.S. Lewis,"Lewis, C.S.",Pauline Baynes,"=""0066238501""","=""9780066238500""",0,4.26,HarperCollins,Paperback,767,2014,1956,,2019/07/27,,,read,,,,1,,,0,,,,,
3220405,"Ender in Exile (Ender's Saga, #1.2)",Orson Scott Card,"Card, Orson Scott",,"=""0765304961""","=""9780765304964""",0,3.91,St. Martins Press-3PL,Hardcover,369,2008,2008,,2019/07/27,,,read,,,,1,,,0,,,,,
8647,"Shadow of the Giant (Ender's Shadow, #4)",Orson Scott Card,"Card, Orson Scott",,"=""1841492051""","=""9781841492056""",0,4.00,,Hardcover,388,2005,2005,,2019/07/27,,,read,,,,1,,,0,,,,,
9534,"Shadow of the Hegemon (The Shadow Series, #2)",Orson Scott Card,"Card, Orson Scott",,"=""0812565959""","=""9780812565959""",0,3.95,Tor Books,Mass Market Paperback,451,2001,2000,,2019/07/27,,,read,,,,1,,,0,,,,,
31360,"Children of the Mind (Ender's Saga, #4)",Orson Scott Card,"Card, Orson Scott",,"=""0765304740""","=""9780765304742""",0,3.77,Tor Books,Paperback,370,2002,1996,,2019/07/27,,,read,,,,1,,,0,,,,,
8648,"Xenocide (Ender's Saga, #3)",Orson Scott Card,"Card, Orson Scott",Piotr W. Cholewa,"=""0312861877""","=""9780312861872""",0,3.80,Tor Books,Mass Market Paperback,592,1996,1991,,2019/07/27,,,read,,,,1,,,0,,,,,
9532,"Ender's Shadow (The Shadow Series, #1)",Orson Scott Card,"Card, Orson Scott",,"=""0765342405""","=""9780765342409""",0,4.29,Starscape,Paperback,469,2002,1999,,2019/07/27,,,read,,,,1,,,0,,,,,
7967,"Speaker for the Dead (Ender's Saga, #2)",Orson Scott Card,"Card, Orson Scott",,"=""0812550757""","=""9780812550757""",0,4.07,Tor Books,Paperback,382,1994,1986,,2019/07/27,,,read,,,,1,,,0,,,,,
375802,"Ender's Game (Ender's Saga, #1)",Orson Scott Card,"Card, Orson Scott",,"=""0812550706""","=""9780812550702""",0,4.30,Tor,Mass Market Paperback,324,2004,1985,,2019/07/27,,,read,,,,1,,,0,,,,,
41795733,Range: Why Generalists Triumph in a Specialized World,David   Epstein,"Epstein, David",,"=""0735214484""","=""9780735214484""",0,4.16,Riverhead Books,Hardcover,352,2019,2019,,2019/05/28,,,read,,,,1,,,0,,,,,
39644171,How History Gets Things Wrong: The Neuroscience of Our Addiction to Stories,Alex Rosenberg,"Rosenberg, Alex",,"=""0262038579""","=""9780262038577""",0,3.36,The MIT Press,Hardcover,296,2018,,,2019/07/05,to-read,to-read (#44),to-read,,,,0,,,0,,,,,
6480781,Open,Andre Agassi,"Agassi, Andre",J.R. Moehringer,"=""0307268195""","=""9780307268198""",0,4.24,Knopf,Hardcover,388,2009,2009,,2019/07/03,,,read,,,,1,,,0,,,,,
23241062,Statistics Done Wrong: The Woefully Complete Guide,Alex Reinhart,"Reinhart, Alex",,"=""1593276206""","=""9781593276201""",0,4.16,No Starch Press,Paperback,176,2015,2013,,2019/06/13,to-read,to-read (#43),to-read,,,,0,,,0,,,,,
14365075,"Fisher, Neyman, and the Creation of Classical Statistics",Erich L. Lehmann,"Lehmann, Erich L.",,"=""1441994998""","=""9781441994998""",0,3.84,Springer,Paperback,115,2011,2011,,2019/06/13,to-read,to-read (#42),to-read,,,,0,,,0,,,,,
17847473,Strategy: A History,Lawrence Freedman,"Freedman, Lawrence",,"=""0199325154""","=""9780199325153""",0,3.98,"Oxford University Press, USA",Hardcover,751,2013,2013,,2019/05/29,to-read,to-read (#41),to-read,,,,0,,,0,,,,,
33413909,The Deepest Well: Healing the Long-Term Effects of Childhood Adversity,Nadine Burke Harris,"Harris, Nadine Burke",,"=""0544828704""","=""9780544828704""",0,4.51,Houghton Mifflin Harcourt,Hardcover,272,2018,2018,,2019/05/29,to-read,to-read (#40),to-read,,,,0,,,0,,,,,
27209433,White Trash: The 400-Year Untold History of Class in America,Nancy Isenberg,"Isenberg, Nancy",,"=""0670785970""","=""9780670785971""",0,3.74,Viking,Hardcover,460,2016,2016,,2019/05/26,to-read,to-read (#39),to-read,,,,0,,,0,,,,,
43708708,White Fragility: Why It’s So Hard for White People to Talk About Racism,Robin DiAngelo,"DiAngelo, Robin","Michael Eric Dyson, Amy Landon","=""0807071161""","=""9780807071168""",0,4.23,Beacon Press,Audiobook,7,2018,2018,,2019/05/26,,,read,,,,1,,,0,,,,,
15815598,"Big Data: A Revolution That Will Transform How We Live, Work, and Think",Viktor Mayer-Schönberger,"Mayer-Schönberger, Viktor",Kenneth Cukier,"=""0544002695""","=""9780544002692""",0,3.71,Houghton Mifflin Harcourt,Hardcover,242,2013,2013,,2019/05/25,to-read,to-read (#38),to-read,,,,0,,,0,,,,,
70401,On the Road,Jack Kerouac,"Kerouac, Jack",,"=""0140042598""","=""9780140042597""",0,3.62,Penguin Books,Paperback,307,1976,1955,,2019/05/25,to-read,to-read (#37),to-read,,,,0,,,0,,,,,
23522,Mythology,Edith Hamilton,"Hamilton, Edith",Steele Savage,"=""0316341517""","=""9780316341516""",0,4.01,"Little, Brown and Company",Paperback,497,1998,1942,,2019/05/25,to-read,to-read (#36),to-read,,,,0,,,0,,,,,
3559,From Beirut to Jerusalem,Thomas L. Friedman,"Friedman, Thomas L.",Đặng Ly,"=""0385413726""","=""9780385413725""",0,4.13,Anchor Books,Paperback,541,1990,1989,,2019/05/18,to-read,to-read (#35),to-read,,,,0,,,0,,,,,
34237719,The Hacking of the American Mind: The Science Behind the Corporate Takeover of Our Bodies and Brains,Robert H. Lustig,"Lustig, Robert H.",,"=""1101982586""","=""9781101982587""",0,4.13,Avery Publishing Group,Hardcover,352,2017,2017,2019/05/14,2019/05/10,,,read,,,,1,,,0,,,,,
34466963,Why We Sleep: Unlocking the Power of Sleep and Dreams,Matthew Walker,"Walker, Matthew",,"=""""","=""""",0,4.36,Scribner,Hardcover,368,2017,2017,,2019/05/12,,,read,,,,1,,,0,,,,,
32938155,"Option B: Facing Adversity, Building Resilience, and Finding Joy",Sheryl Sandberg,"Sandberg, Sheryl",Adam M. Grant,"=""0753548283""","=""9780753548288""",0,3.86,WH Allen,Paperback,240,2017,2017,,2019/05/07,,,read,,,,1,,,0,,,,,
101128,The Nude: A Study in Ideal Form,Kenneth  Clark,"Clark, Kenneth",,"=""""","=""9780691017884""",0,4.08,Princeton University Press,Paperback,480,1972,1956,,2019/04/12,to-read,to-read (#34),to-read,,,,0,,,0,,,,,
330451,Civilisation,Kenneth  Clark,"Clark, Kenneth",,"=""0719522404""","=""9780719522406""",0,4.26,BBC Books / John Murray,Paperback,360,1980,1969,,2019/04/12,to-read,to-read (#33),to-read,,,,0,,,0,,,,,
36794159,Medical Nihilism,Jacob Stegenga,"Stegenga, Jacob",,"=""0198747047""","=""9780198747048""",0,4.03,"Oxford University Press, USA",Hardcover,256,2018,,,2019/04/11,to-read,to-read (#32),to-read,,,,0,,,0,,,,,
34272478,Americana: A 400-Year History of American Capitalism,Bhu Srinivasan,"Srinivasan, Bhu",,"=""0399563792""","=""9780399563799""",0,4.39,Penguin Press,Hardcover,576,2017,2017,,2019/04/11,to-read,to-read (#31),to-read,,,,0,,,0,,,,,
34964830,"Automating Inequality: How High-Tech Tools Profile, Police, and Punish the Poor",Virginia Eubanks,"Eubanks, Virginia",,"=""1250074312""","=""9781250074317""",0,4.03,St. Martin's Press,Hardcover,260,2018,2018,2019/04/10,2018/11/22,,,read,,,,1,,,0,,,,,
17331306,The United States of Paranoia: A Conspiracy Theory,Jesse Walker,"Walker, Jesse",,"=""0062135570""","=""9780062135575""",0,3.57,Harper,ebook,464,2013,2012,,2019/04/09,to-read,to-read (#30),to-read,,,,0,,,0,,,,,
33916061,We Were Eight Years in Power: An American Tragedy,Ta-Nehisi Coates,"Coates, Ta-Nehisi",,"=""0399590560""","=""9780399590566""",0,4.38,One World,Hardcover,367,2017,2017,2019/04/07,2019/03/09,,,read,,,,1,,,0,,,,,
483055,Theory of Games and Economic Behavior,John von Neumann,"Neumann, John von",Oskar Morgenstern,"=""0691130612""","=""9780691130613""",0,4.20,Princeton University Press,Paperback,739,2007,1944,,2019/04/06,to-read,to-read (#29),to-read,,,,0,,,0,,,,,
15796700,Americanah,Chimamanda Ngozi Adichie,"Adichie, Chimamanda Ngozi",Jashar Awan,"=""""","=""""",0,4.31,Alfred A. Knopf,Hardcover,477,2013,2013,,2019/03/31,to-read,to-read (#28),to-read,,,,0,,,0,,,,,
23692271,Sapiens: A Brief History of Humankind,Yuval Noah Harari,"Harari, Yuval Noah",,"=""""","=""""",5,4.40,Vintage,Paperback,512,2015,2011,2019/03/24,2018/11/22,,,read,,,,2,,,0,,,,,
5999777,The Invisible Hook: The Hidden Economics of Pirates,Peter T. Leeson,"Leeson, Peter T.",,"=""0691137471""","=""9780691137476""",0,3.72,Princeton University Press,Hardcover,288,2009,2009,,2019/03/24,to-read,to-read (#27),to-read,,,,0,,,0,,,,,
38212134,How the Internet Happened: From Netscape to the iPhone,Brian  McCullough,"McCullough, Brian",,"=""1631493078""","=""9781631493072""",0,4.28,Liveright,Hardcover,400,2018,2018,,2018/12/26,,,read,,,,1,,,0,,,,,
4406,East of Eden,John Steinbeck,"Steinbeck, John",,"=""0142000655""","=""9780142000656""",0,4.38,Penguin Books,Paperback,601,2002,1952,,2019/03/13,,,read,,,,1,,,0,,,,,
18114322,The Grapes of Wrath,John Steinbeck,"Steinbeck, John",,"=""067001690X""","=""9780670016907""",0,3.98,Viking,Hardcover,479,2014,1939,,2019/03/13,,,read,,,,1,,,0,,,,,
890,Of Mice and Men,John Steinbeck,"Steinbeck, John",,"=""0142000671""","=""9780142000670""",0,3.88,Penguin Books,Paperback,103,2002,1937,,2019/03/13,,,read,,,,1,,,0,,,,,
12612,Hegemony or Survival: America's Quest for Global Dominance,Noam Chomsky,"Chomsky, Noam",,"=""0805076883""","=""9780805076882""",0,3.97,Holt McDougal,Paperback,301,2004,2003,,2019/03/13,,,read,,,,1,,,0,,,,,
12617,Manufacturing Consent: The Political Economy of the Mass Media,Edward S. Herman,"Herman, Edward S.",Noam Chomsky,"=""0375714499""","=""9780375714498""",0,4.25,Pantheon,Paperback,412,2002,1988,,2019/03/13,,,read,,,,1,,,0,,,,,
25719691,Most Likely to Succeed: Preparing Our Kids for the Innovation Era,Tony Wagner,"Wagner, Tony",Ted Dintersmith,"=""""","=""""",0,4.17,Scribner,Kindle Edition,305,2015,2015,,2019/03/13,to-read,to-read (#26),to-read,,,,0,,,0,,,,,
36507099,Skin in the Game: Hidden Asymmetries in Daily Life,Nassim Nicholas Taleb,"Taleb, Nassim Nicholas",,"=""042528462X""","=""9780425284629""",0,3.89,Random House,Hardcover,304,2018,2018,,2019/03/13,,,read,,,,1,,,0,,,,,
35820413,Fascism: A Warning,Madeleine K. Albright,"Albright, Madeleine K.",,"=""0062802186""","=""9780062802187""",0,4.26,Harper,Hardcover,289,2018,2018,,2019/03/13,to-read,to-read (#25),to-read,,,,0,,,0,,,,,
38212110,"Technically Wrong: Sexist Apps, Biased Algorithms, and Other Threats of Toxic Tech",Sara Wachter-Boettcher,"Wachter-Boettcher, Sara",,"=""0393356043""","=""9780393356045""",0,4.13,W. W. Norton  Company,Paperback,240,2018,2017,2019/03/13,2019/02/08,,,read,,,,1,,,0,,,,,
27220736,Shoe Dog: A Memoir by the Creator of Nike,Phil Knight,"Knight, Phil",,"=""1501135910""","=""9781501135910""",5,4.47,Scribner,Hardcover,400,2016,2016,,2018/11/22,,,read,,,,1,,,0,,,,,
37506348,Winners Take All: The Elite Charade of Changing the World,Anand Giridharadas,"Giridharadas, Anand",,"=""0451493249""","=""9780451493248""",0,4.17,Knopf Publishing Group,Hardcover,288,2018,2018,,2019/03/12,to-read,to-read (#24),to-read,,,,0,,,0,,,,,
34466958,Bullshit Jobs: A Theory,David Graeber,"Graeber, David",,"=""150114331X""","=""9781501143311""",0,4.00,Simon & Schuster,Hardcover,335,2018,2018,,2019/02/19,to-read,to-read (#23),to-read,,,,0,,,0,,,,,
39088592,The Model Thinker: What You Need to Know to Make Data Work for You,Scott E. Page,"Page, Scott E.",,"=""0465094627""","=""9780465094622""",0,3.92,Basic Books,Hardcover,448,2018,2018,,2019/02/13,to-read,to-read (#22),to-read,,,,0,,,0,,,,,
24724602,Flash Boys: A Wall Street Revolt,Michael   Lewis,"Lewis, Michael",,"=""0393351599""","=""9780393351590""",0,4.14,W. W. Norton  Company,Paperback,304,2015,2014,,2018/11/22,,,read,,,,1,,,0,,,,,
36288143,Brotopia: Breaking Up the Boys' Club of Silicon Valley,Emily  Chang,"Chang, Emily",,"=""""","=""""",4,4.01,Portfolio,Kindle Edition,317,2018,2018,2019/01/31,2019/01/26,,,read,,,,1,,,0,,,,,
12688360,Predictable Revenue: Turn Your Business Into a Sales Machine with the $100 Million Best Practices of Salesforce.com,Aaron Ross,"Ross, Aaron",Marylou Tyler,"=""0984380213""","=""9780984380213""",0,4.02,Pebblestorm,Paperback,208,2011,2011,,2019/01/18,to-read,to-read (#21),to-read,,,,0,,,0,,,,,
106350,The Lady Tasting Tea: How Statistics Revolutionized Science in the Twentieth Century,David Salsburg,"Salsburg, David",,"=""0805071342""","=""9780805071344""",0,3.90,Holt Paperbacks,Paperback,352,2002,2001,,2019/01/13,to-read,to-read (#20),to-read,,,,0,,,0,,,,,
19161852,"The Fifth Season (The Broken Earth, #1)",N.K. Jemisin,"Jemisin, N.K.",,"=""""","=""""",0,4.28,Orbit,Paperback,468,2015,2015,,2019/01/07,to-read,to-read (#19),to-read,,,,0,,,0,,,,,
1111,The Power Broker: Robert Moses and the Fall of New York,Robert A. Caro,"Caro, Robert A.",,"=""0394720245""","=""9780394720241""",0,4.37,Vintage Books,Paperback,1246,1975,1974,,2019/01/07,to-read,to-read (#18),to-read,,,,0,,,0,,,,,
11797471,The Idea Factory: Bell Labs and the Great Age of American Innovation,Jon Gertner,"Gertner, Jon",,"=""1594203288""","=""9781594203282""",0,4.16,Penguin Press,Hardcover,432,2012,2012,,2019/01/02,to-read,to-read (#17),to-read,,,,0,,,0,,,,,
30646587,"The Simple Path to Wealth: Your road map to financial independence and a rich, free life",J.L. Collins,"Collins, J.L.",Mr. Money Mustache,"=""""","=""""",0,4.47,jlcollinsnh.com,Kindle Edition,288,2016,2016,,2018/12/28,to-read,to-read (#16),to-read,,,,0,,,0,,,,,
944652,Poor Charlie's Almanack: The Wit and Wisdom of Charles T. Munger,Charles T. Munger,"Munger, Charles T.",Peter E. Kaufman,"=""157864366X""","=""9781578643660""",0,4.48,Donning Company Publishers,Hardcover,512,2006,2005,,2018/12/28,to-read,to-read (#15),to-read,,,,0,,,0,,,,,
2054761,The Snowball: Warren Buffett and the Business of Life,Alice Schroeder,"Schroeder, Alice",,"=""0553805096""","=""9780553805093""",0,4.10,Bantam,Hardcover,960,2008,2008,,2018/12/28,to-read,to-read (#14),to-read,,,,0,,,0,,,,,
22451908,The Revolt of the Public and the Crisis of Authority,Martin Gurri,"Gurri, Martin",,"=""""","=""""",0,4.27,,Kindle Edition,362,2014,2014,,2018/12/28,to-read,to-read (#13),to-read,,,,0,,,0,,,,,
92625,The Ones Who Walk Away from Omelas,Ursula K. Le Guin,"Guin, Ursula K. Le",,"=""0886825016""","=""9780886825010""",0,4.39,"Creative Education, Inc.",Hardcover,32,1997,1973,,2018/12/27,,,read,,,,1,,,0,,,,,
187181,The Chosen (Reuven Malther #1),Chaim Potok,"Potok, Chaim",,"=""0449213447""","=""9780449213445""",0,4.04,Fawcett Books,Mass Market Paperback,304,1987,1966,,2018/12/27,to-read,to-read (#12),to-read,,,,0,,,0,,,,,
30814638,Chaos Monkeys: Inside the Silicon Valley money machine,Antonio García Martínez,"Martínez, Antonio García",,"=""""","=""""",0,3.72,Ebury Digital,Kindle Edition,528,2016,2016,,2018/12/21,,,read,,,,1,,,0,,,,,
31748608,"Computer Age Statistical Inference: Algorithms, Evidence, and Data Science (Institute of Mathematical Statistics Monographs Book 5)",Bradley Efron,"Efron, Bradley",Trevor Hastie,"=""""","=""""",0,4.39,Cambridge University Press,Kindle Edition,496,2016,,,2018/12/04,,,read,,,,1,,,0,,,,,
30971755,A Crack in Creation: Gene Editing and the Unthinkable Power to Control Evolution,Jennifer A. Doudna,"Doudna, Jennifer A.",Samuel H. Sternberg,"=""0544716949""","=""9780544716940""",0,4.13,Houghton Mifflin Harcourt,Hardcover,304,2017,2017,,2018/12/04,,,read,,,,1,,,0,,,,,
12242180,The Lost Majority: Why the Future of Government Is Up for Grabs - and Who Will Take It,Sean Trende,"Trende, Sean",,"=""0230116469""","=""9780230116467""",0,3.92,St. Martin's Press,Hardcover,272,2012,2012,,2018/12/04,,,read,,,,1,,,0,,,,,
25666050,Algorithms to Live By: The Computer Science of Human Decisions,Brian Christian,"Christian, Brian",Tom  Griffiths,"=""1627790365""","=""9781627790369""",0,4.13,Henry Holt and Co.,Hardcover,368,2016,2016,,2018/12/04,,,read,,,,1,,,0,,,,,
26073086,Soccermatics: Mathematical Adventures in the Beautiful Game,David Sumpter,"Sumpter, David",,"=""1472924126""","=""9781472924124""",0,3.87,Bloomsbury Sigma,Hardcover,304,2016,2016,,2018/12/04,,,read,,,,1,,,0,,,,,
32600757,"Angel: How to Invest in Technology Startups—Timeless Advice from an Angel Investor Who Turned $100,000 into $100,000,000",Jason Calacanis,"Calacanis, Jason",,"=""0062560700""","=""9780062560704""",0,4.30,Harper Business,Hardcover,288,2017,,,2018/12/04,,,read,,,,1,,,0,,,,,
499353,The Creation of Patriarchy,Gerda Lerner,"Lerner, Gerda",,"=""0195051858""","=""9780195051858""",0,4.27,Oxford University Press,Paperback,318,1987,1986,,2018/12/04,,,read,,,,1,,,0,,,,,
6402364,"SuperFreakonomics: Global Cooling, Patriotic Prostitutes And Why Suicide Bombers Should Buy Life Insurance",Steven D. Levitt,"Levitt, Steven D.",Stephen J. Dubner,"=""0060889578""","=""9780060889579""",0,3.99,William Morrow,Hardcover,270,2009,2009,,2018/12/04,,,read,,,,1,,,0,,,,,
36762542,Outnumbered: Exploring the Algorithms That Control Our Lives,David Sumpter,"Sumpter, David",,"=""147294741X""","=""9781472947413""",0,3.98,Bloomsbury SIGMA,Hardcover,288,2018,2018,,2018/12/04,,,read,,,,1,,,0,,,,,
103568,The Decline of the Secular University,C. John Sommerville,"Sommerville, C. John",,"=""0195306953""","=""9780195306958""",0,4.04,"Oxford University Press, USA",Hardcover,147,2006,2006,,2018/12/04,,,read,,,,1,,,0,,,,,
13330769,The Victory Lab: The Secret Science of Winning Campaigns,Sasha Issenberg,"Issenberg, Sasha",,"=""030795479X""","=""9780307954794""",0,3.79,Crown,Hardcover,368,2012,2012,,2018/12/04,,,read,,,,1,,,0,,,,,
30289,The Republic,Plato,"Plato, Plato","Desmond Lee, Maria Helena da Rocha Pereira, Benjamin Jowett","=""0140449140""","=""9780140449143""",0,3.95,Penguin Classics,Paperback,416,2003,-375,,2018/12/04,,,read,,,,1,,,0,,,,,
13587235,The Impossible Will Take a Little While: A Citizen's Guide to Hope in a Time of Fear,Paul Rogat Loeb,"Loeb, Paul Rogat",,"=""0465031730""","=""9780465031733""",0,4.17,Basic Books,Paperback,496,2014,2004,,2018/12/04,,,read,,,,1,,,0,,,,,
23995360,Superforecasting: The Art and Science of Prediction,Philip E. Tetlock,"Tetlock, Philip E.",Dan Gardner,"=""0804136696""","=""9780804136693""",0,4.09,Crown,Hardcover,352,2015,2015,,2018/12/04,,,read,,,,1,,,0,,,,,
22668729,Hooked: How to Build Habit-Forming Products,Nir   Eyal,"Eyal, Nir",,"=""1591847788""","=""9781591847786""",0,4.09,Portfolio,Hardcover,256,2014,2013,,2018/12/04,,,read,,,,1,,,0,,,,,
17662910,Digital Disconnect: How Capitalism is Turning the Internet Against Democracy,Robert W. McChesney,"McChesney, Robert W.",,"=""""","=""9781565588678""",0,3.97,The New Press,Hardcover,320,2013,2013,,2018/11/25,to-read,to-read (#11),to-read,,,,0,,,0,,,,,
27213329,Grit: The Power of Passion and Perseverance,Angela Duckworth,"Duckworth, Angela",จารุจรรย์ คงมีสุข,"=""1443442313""","=""9781443442312""",0,4.07,Collins,Hardcover,277,2016,2016,,2018/11/25,,,read,,,,1,,,0,,,,,
227113,Walking,Henry David Thoreau,"Thoreau, Henry David",,"=""1596058811""","=""9781596058811""",0,3.85,Cosimo Classics,Paperback,60,2006,1861,,2018/11/22,to-read,to-read (#10),to-read,,,,0,,,0,,,,,
588138,The Hero With a Thousand Faces,Joseph Campbell,"Campbell, Joseph",,"=""0691017840""","=""9780691017846""",0,4.14,Princeton University Press,Paperback,416,1972,1949,,2018/11/22,to-read,to-read (#9),to-read,,,,0,,,0,,,,,
30556551,Nobody Wants to Read Your Sh*t: Why That Is And What You Can Do About It,Steven Pressfield,"Pressfield, Steven",Shawn Coyne,"=""""","=""""",0,4.22,Black Irish Entertainment LLC,Kindle Edition,191,2016,2016,,2018/11/22,to-read,to-read (#8),to-read,,,,0,,,0,,,,,
28186015,Weapons of Math Destruction: How Big Data Increases Inequality and Threatens Democracy,Cathy O'Neil,"O'Neil, Cathy",,"=""0553418815""","=""9780553418811""",0,3.88,Crown,Hardcover,259,2016,2016,,2018/11/22,,,read,,,,1,,,0,,,,,
240592,The Open Society and Its Enemies,Karl Popper,"Popper, Karl",,"=""0415282365""","=""9780415282369""",0,4.20,Routledge,Hardcover,920,2002,1956,,2018/11/22,to-read,to-read (#7),to-read,,,,0,,,0,,,,,
23316526,"The Second Machine Age: Work, Progress, and Prosperity in a Time of Brilliant Technologies",Erik Brynjolfsson,"Brynjolfsson, Erik",Andrew McAfee,"=""0393350649""","=""9780393350647""",0,3.94,W. W. Norton  Company,Paperback,336,2016,2014,,2018/11/22,to-read,to-read (#6),to-read,,,,0,,,0,,,,,
26114480,Modern Monopolies: What It Takes to Dominate the 21st Century Economy,Alex Moazed,"Moazed, Alex",Nicholas L. Johnson,"=""1250091896""","=""9781250091895""",0,4.11,St. Martin's Press,Hardcover,272,2016,2016,,2018/11/22,to-read,to-read (#5),to-read,,,,0,,,0,,,,,
10534,The Art of War,Sun Tzu,"Tzu, Sun","Thomas Cleary, Pulat Otkan","=""""","=""""",0,3.97,Shambhala,Paperback,273,2005,-500,,2018/11/22,,,read,,,,1,,,0,,,,,
7669,Timeline,Michael Crichton,"Crichton, Michael",,"=""0099244721""","=""9780099244721""",0,3.85,Arrow Books,Mass Market Paperback,489,2000,1999,,2018/11/22,to-read,to-read (#4),to-read,,,,0,,,0,,,,,
17573685,The Feminine Mystique,Betty Friedan,"Friedan, Betty","Anna Quindlen, Gail Collins","=""0393346781""","=""9780393346787""",0,3.86,W. W. Norton  Company,Paperback,562,2013,1963,,2018/11/22,,,read,,,,1,,,0,,,,,
172793,The House of Morgan,Edwin P. Hoyt,"Hoyt, Edwin P.",,"=""0584001282""","=""9780584001280""",0,4.05,,,,,,,2018/11/22,,,read,,,,1,,,0,,,,,
29780253,Born a Crime: Stories From a South African Childhood,Trevor Noah,"Noah, Trevor",,"=""0385689225""","=""9780385689229""",0,4.46,Doubleday Canada,Hardcover,289,2016,2016,,2018/11/22,,,read,,,,1,,,0,,,,,
7822186,The Incredible Bread Machine,Susan Love Brown,"Brown, Susan Love","Karl Keating, David Mellinger, Patrea Post, Stuart Smith, Catriona Tudor","=""0378039822""","=""9780378039826""",0,4.11,World Research Inc.,Paperback,192,1974,1974,,2018/11/22,to-read,to-read (#3),to-read,,,,0,,,0,,,,,
629,"Zen and the Art of Motorcycle Maintenance: An Inquiry Into Values (Phaedrus, #1)",Robert M. Pirsig,"Pirsig, Robert M.",,"=""0060589469""","=""9780060589462""",0,3.77,HarperTorch,Mass Market Paperback,540,2006,1974,,2018/11/22,,,read,,,,1,,,0,,,,,
5479,Brave New World / Brave New World Revisited,Aldous Huxley,"Huxley, Aldous",Christopher Hitchens,"=""0060776099""","=""9780060776091""",0,4.17,Harper Perennial Modern Classics,Paperback,340,2005,1958,,2018/11/22,,,read,,,,1,,,0,,,,,
10483171,The Beginning of Infinity: Explanations That Transform the World,David Deutsch,"Deutsch, David",,"=""0670022756""","=""9780670022755""",0,4.14,Viking,Hardcover,487,2011,2011,,2018/11/22,to-read,to-read (#2),to-read,,,,0,,,0,,,,,
835623,How the Mind Works,Steven Pinker,"Pinker, Steven",,"=""0393318486""","=""9780393318487""",0,3.98,W. W. Norton  Company,Paperback,660,1999,1997,,2018/11/22,to-read,to-read (#1),to-read,,,,0,,,0,,,,,
222146,Masters of Doom: How Two Guys Created an Empire and Transformed Pop Culture,David Kushner,"Kushner, David",,"=""0812972155""","=""9780812972153""",0,4.28,Random House Trade Paperbacks,Paperback,339,2004,2003,,2018/11/22,,,read,,,,1,,,0,,,,,
101446,Armchair Economist: Economics & Everyday Life,Steven E. Landsburg,"Landsburg, Steven E.",,"=""0029177766""","=""9780029177761""",0,3.76,Free Press,Paperback,251,1995,1993,,2018/11/22,,,read,,,,1,,,0,,,,,
36204378,The Book of Why: The New Science of Cause and Effect,Judea Pearl,"Pearl, Judea",Dana Mackenzie,"=""046509760X""","=""9780465097609""",0,3.95,Basic Books,Hardcover,432,2018,2018,,2018/11/22,,,read,,,,1,,,0,,,,,
17978134,A More Beautiful Question: The Power of Inquiry to Spark Breakthrough Ideas,Warren Berger,"Berger, Warren",,"=""""","=""""",0,4.02,Bloomsbury USA,Hardcover,272,2014,2014,,2018/11/22,,,read,,,,1,,,0,,,,,
35631386,The Undoing Project: A Friendship That Changed Our Minds,Michael   Lewis,"Lewis, Michael",,"=""0393354776""","=""9780393354775""",0,3.96,W. W. Norton  Company,Paperback,368,2017,2016,,2018/11/22,,,read,,,,1,,,0,,,,,
40109421,The Fifth Risk,Michael   Lewis,"Lewis, Michael",,"=""1324002646""","=""9781324002642""",0,4.09,W. W. Norton  Company,Hardcover,221,2018,2018,,2018/11/22,,,read,,,,1,,,0,,,,,
296662,Lies My Teacher Told Me: Everything Your American History Textbook Got Wrong,James W. Loewen,"Loewen, James W.",,"=""0684818868""","=""9780684818863""",5,3.93,Touchstone Books,Paperback,383,1996,1995,,2018/11/22,,,read,,,,1,,,0,,,,,
6792458,The New Jim Crow: Mass Incarceration in the Age of Colorblindness,Michelle Alexander,"Alexander, Michelle",,"=""""","=""""",5,4.47,The New Press Inc.,Hardcover,290,2010,2010,,2018/11/22,,,read,,,,1,,,0,,,,,
475,Collapse: How Societies Choose to Fail or Succeed,Jared Diamond,"Diamond, Jared",,"=""0143036556""","=""9780143036555""",4,3.91,Penguin Books Ltd. (London),Paperback,608,2005,2005,,2018/11/22,,,read,,,,1,,,0,,,,,
15751404,"David and Goliath: Underdogs, Misfits, and the Art of Battling Giants",Malcolm Gladwell,"Gladwell, Malcolm",,"=""0316204366""","=""9780316204361""",3,3.95,"Little, Brown and Company",Hardcover,305,2013,2013,,2018/11/22,,,read,,,,1,,,0,,,,,
16071764,"Lean In: Women, Work, and the Will to Lead",Sheryl Sandberg,"Sandberg, Sheryl",Nell Scovell,"=""0385349947""","=""9780385349949""",4,3.94,Knopf,Hardcover,217,2013,2013,,2018/11/22,,,read,,,,1,,,0,,,,,
2767,A People's History of the United States,Howard Zinn,"Zinn, Howard",,"=""0060838655""","=""9780060838652""",5,4.06,Harper Perennial,Paperback,729,2005,1980,,2018/11/22,,,read,,,,1,,,0,,,,,
23453112,Modern Romance,Aziz Ansari,"Ansari, Aziz",Eric Klinenberg,"=""1594206279""","=""9781594206276""",4,3.81,Penguin Press,Hardcover,279,2015,2015,,2018/11/22,,,read,,,,1,,,0,,,,,
17986418,Naked Statistics: Stripping the Dread from the Data,Charles Wheelan,"Wheelan, Charles",,"=""039334777X""","=""9780393347777""",5,3.94,W. W. Norton  Company,Paperback,304,2014,2012,,2018/11/22,,,read,,,,1,,,0,,,,,
3450744,"Nudge: Improving Decisions About Health, Wealth, and Happiness",Richard H. Thaler,"Thaler, Richard H.",Cass R. Sunstein,"=""014311526X""","=""9780143115267""",5,3.83,Penguin Books,Paperback,260,2009,2008,,2018/11/22,,,read,,,,1,,,0,,,,,
9628743,"The Social Animal: The Hidden Sources of Love, Character, and Achievement",David  Brooks,"Brooks, David",,"=""140006760X""","=""9781400067602""",4,3.86,Random House,Hardcover,424,2011,2011,,2018/11/22,,,read,,,,1,,,0,,,,,
13588394,The Signal and the Noise: Why So Many Predictions Fail—But Some Don't,Nate Silver,"Silver, Nate",,"=""159420411X""","=""9781594204111""",5,3.97,Penguin,Hardcover,534,2012,2012,,2018/11/22,,,read,,,,1,,,0,,,,,
11468377,"Thinking, Fast and Slow",Daniel Kahneman,"Kahneman, Daniel",,"=""0374275637""","=""9780374275631""",5,4.16,"Farrar, Straus and Giroux",Hardcover,499,2011,2011,,2018/11/22,,,read,,,,1,,,0,,,,,
10587120,Killing Lincoln: The Shocking Assassination that Changed America Forever (The Killing of Historical Figures),Bill O'Reilly,"O'Reilly, Bill",Martin Dugard,"=""0805093079""","=""9780805093070""",1,4.02,Henry Holt & Company,Hardcover,324,2011,2011,,2018/11/22,,,read,,,,1,,,0,,,,,
1842,"Guns, Germs, and Steel: The Fates of Human Societies",Jared Diamond,"Diamond, Jared",,"=""0739467352""","=""9780739467350""",5,4.03,W.W. Norton & Company,Paperback,498,2005,1997,,2018/11/22,,,read,,,,1,,,0,,,,,
4122,Built to Last: Successful Habits of Visionary Companies,James C. Collins,"Collins, James C.",Jerry I. Porras,"=""0060566108""","=""9780060566104""",5,4.03,Harper Business,Hardcover,368,2004,1994,,2018/11/22,,,read,,,,1,,,0,,,,,
2612,The Tipping Point: How Little Things Can Make a Big Difference,Malcolm Gladwell,"Gladwell, Malcolm",,"=""0316346624""","=""9780316346627""",4,3.98,Back Bay Books,Paperback,301,2002,2000,,2018/11/22,,,read,,,,1,,,0,,,,,
9418327,Bossypants,Tina Fey,"Fey, Tina",,"=""""","=""""",5,3.95,Reagan Arthur Books,Kindle Edition,283,2011,2011,,2018/11/22,,,read,,,,1,,,0,,,,,
6516450,What the Dog Saw and Other Adventures,Malcolm Gladwell,"Gladwell, Malcolm",,"=""0316078573""","=""9780316078573""",3,3.85,"Little, Brown and Company",Hardcover,444,2009,2009,,2018/11/22,,,read,,,,1,,,0,,,,,
1202,Freakonomics: A Rogue Economist Explores the Hidden Side of Everything,Steven D. Levitt,"Levitt, Steven D.",Stephen J. Dubner,"=""0061234001""","=""9780061234002""",4,3.98,William Morrow,Hardcover,268,2006,2005,,2018/11/22,,,read,,,,1,,,0,,,,,
